﻿[{
    "title": "Business Productivity",
    "fileLocation": "https://microsoft.sharepoint.com/teams/CampusIPLibraries/SDMPlus/_layouts/15/DocIdRedir.aspx?ID=CAMPUSIP-1473820157-5"
}, {
    "title": "Data Insights",
    "fileLocation": "https://microsoft.sharepoint.com/teams/CampusIPLibraries/SDMPlus/_layouts/15/WopiFrame.aspx?sourcedoc=%7B64471b95-3108-4688-9b85-e3d3aa6bc219%7D&action=default"
}, {
    "title": "Dynamics",
    "fileLocation": "https://aka.ms/dynamicsplaybook"
}, {
    "title": "Modern Apps",
    "fileLocation": "http://aka.ms/madeliveryplaybook"
}, {
    "title": "Secure InfraStrucutre",
    "fileLocation": "https://microsoft.sharepoint.com/teams/CampusIPLibraries/PMIP/_layouts/15/WopiFrame.aspx?sourcedoc=%7b7b3ee8f5-8893-45a1-8e4c-935b4d80e13a%7d&action=default"
}]
